"LvNTM","","Vanilla","","Early Game","","Oil Age","","Reactors","","Automation","","Ores","","Ingots","","Refined Storage","","Recipe Changes","","Leftovers",""
"64x Sand","","Titanium Ingot","","First Aid Kit","","Industrial Solidification Machine","","ZIRNOX Nuclear Reactor","","Logistics Drone","","Asbestos Ore","","Diamond","","Controller","","Why?","","4x Red Copper Deco Block",""
"64x Redstone","","Blaze Rod","","Early Items and Machines","","Rubber Bar","","ZIRNOX Uranium-235 Fuel Rod","","Logistics Drone Waypoint","","Nether Plutonium Ore","","Vanilla Ingots","","Refined Storage","","4k Storage Part","","Nugget of Uranium Fuel",""
"16x Charcoal","","Nether Quartz","","8x Universal Fluid Duct","","1 B of Light Oil","","Spent Fuel Pool Drum","","Double-Lane Conveyor Belt","","Nether Uranium Ore","","Plutonium Ingot","","Grid","","Coated Red Copper Cable","","FEL",""
"4x Foxglove","","Any titaniumArmor","","Bullet Casing Bag","","Importer","","RBMK Nuclear Reactor","","Transport Drone","","Iron Ore","","Ferric Schrabidate Ingot","","Crafting Grid","","Lung Diagnostic","","Water",""
"LvNTM","","Any titaniumTools","","Heat Boxes","","Centrifuge","","ZIRNOX Natural Uranium Fuel Rod","","Transport Drone Linker","","Depth Cinnabar Ore","","Technetium Steel Ingot","","Pattern Grid","","Fireclay","","Reformate Gas",""
"16x Dandelion","","Grindstone","","Smokestack","","M1TTY Environment Suit Helmet","","Pu238Be Billet","","Transport Drone Crate","","NTM: Depth Nether Ores","","Thorium-232 Ingot","","Fluid Grid","","Ammo Press","","Tape Recorder",""
"What me do next?","","Smoker","","Empty Universal Fluid Tank","","Autocannon Turret "Jeremy"","","Reactor Grade Plutonium Nugget","","Screwdriver","","Depth Tungsten Ore Cluster","","Aluminium Ingot","","Portable Grid","","Burner Press Preheater","","Tantalium Nugget",""
"16x Clay","","Acquire Hardware","","Steel Barrel","","Unsaturated Hydrocarbons","","Chlorinated Petroleum Wax","","Transport Drone Waypoint","","Depth Titanium Ore Cluster","","Weapon Steel Ingot","","Wireless Grid","","","","Catalytic Cracking Tower",""
"Stone Resources","","Red Phosphorus","","Redstone-over-Radio Numeric Display","","Night Vision Goggles","","Nugget of Uranium Fuel","","16x Conveyor Belt","","Thorium Ore","","Bismuth Ingot","","1k Storage Part","","","","Sulfuric Acid",""
"16x Hemp","","Flint and Steel","","Combination Oven","","Turret AI-Chip","","Depleted ZIRNOX Uranium Fuel Rod","","Conveyor Grabber","","Titanium Ore","","Nuclear Tech Mod Ingots","","4k Storage Part","","","","Crystalline Fullerite",""
"32x Iron Ingot","","Stone Age","","High-Tech Bomb Defusing Device","","Industrial Boiler","","High-Performance Solvent","","8x Pneumatic Tube","","Nether Quartz Ore","","Desh Ingot","","16k Storage Part","","","","Pyrolysis Oven",""
"Buildings and Loot","","Any ironAnvil","","Wood-Burning Generator","","Heavy Flamethrower Turret "Fritz"","","Depleted ZIRNOX Uranium-235 Fuel Rod","","Conveyor Boxer","","Titanium Ore Cluster","","Nether Quartz","","64k Storage Part","","","","Uranium-235 Billet",""
"16x Any treeSapling","","Visit Dimension: The End","","Burner Press Preheater","","Vacuum Refinery","","Plutonium-238 Self-Charging Battery","","Logistics Provider Crate","","Lead Ore","","Steel Ingot","","Fluids Parts","","","","Polymer Bar",""
"Just Enough Items and WAILA","","Sulfur","","Recall Device","","Coker Unit","","4x Gas Centrifuge Overclocking Upgrade","","Logistics Requester Crate","","Cobalt Ore","","CMB Steel Ingot","","Crafter","","","","Military Grade Circuit Board",""
"16x Aluminium Ingot","","Infernal Coal","","Any flatStamp","","Ore Acidizer","","Plutonium Nugget","","Express Transport Drone","","Nether Schrabidium Ore","","Mid Game","","","","","","Decayed Long-Lived Nuclear Waste",""
"12x Lead Ingot","","Diamond Helmet","","Equipment Modification Tables","","1 B of Nitric Acid","","Spent Fuel Self-Charging Battery","","Triple-Lane Conveyor Belt","","Nuclear Tech Mod","","Coal","","","","","","High-Performance Solvent",""
"What me do?","","Obsidian","","RadAway","","Power Gauge","","Depleted Uranium Fuel","","Paintable Pneumatic Tube","","Tungsten Ore","","Osmiridium Ingot","","","","","","Hydrogen Peroxide",""
"16x Sugar Canes","","Visit Dimension: Nether","","Mining Charge","","Catalytic Cracking Tower","","Neptunium Nugget","","Desh Screwdriver","","Nether Cobalt Ore","","Euphemium Ingot","","","","","","Cracked Oil",""
"12x Titanium Ingot","","Flat Stamp (Obsidian)","","Conveyor Sorter","","Integrated Circuit Board","","Plutonium-238 Nugget","","Conveyor Press","","NTM: Depth Ores","","Ferrouranium Ingot","","","","","","Beryllium Nugget",""
"32x Industrial Grade Copper Ingot","","Advancement","","Cloth","","1 B of Heavy Oil","","Empty Self-Charging Battery","","Logistics Drone Dock","","Schist Copper Ore","","Saturnite Ingot","","","","","","Arsenic Nugget",""
"","","Coal and Black Lung","","Chemical Plant","","Desh Servo Set","","Technetium-99 Nugget","","8x Express Conveyor Belt","","Redstone Ore","","Schraranium Ingot","","","","","","Combination Oven",""
"","","Diamond Pickaxe","","Asbestos and Mesothelioma","","Gas Centrifuge","","Depleted Uranium-235 Fuel","","","","NTM: Nether Ores","","Uranium Ingot","","","","","","Technetium-99 Nugget",""
"","","Diamond","","Sulfuric Acid","","Radar","","ZIRNOX Uranium Fuel Rod","","","","Depth Iron Ore Cluster","","BSCCO Ingot","","","","","","Laser Isotope Separation Chamber (SILEX)",""
"","","Wooden Pickaxe","","Oil Reservoir Detector","","Electric Press","","Uranium-235 Nugget","","","","Vanilla","","Starmetal Ingot","","","","","","Cadmium Powder",""
"","","Iron Pickaxe","","Super Stimpak","","1 B of Bitumen","","Technetium Steel Ingot","","","","Schist Iron Ore","","Tungsten Ingot","","","","","","Steel Scaffold",""
"","","Trixite","","Coal and Black Lung, Second Revision Edition","","Desh Ingot","","Pu238Be RBMK Neutron Source","","","","Lignite Ore","","Gold Ingot","","","","","","Energy Storage Block (LEGACY)",""
"","","Trench Mask","","Iron Anvil","","1 B of Kerosene","","","","","","Rare Earth Ore Chunk","","End Game","","","","","","Uranium Hexafluoride",""
"","","Crafting Table","","Player Decontaminator","","Chaingun Turret "Mister Friendly"","","","","","","Cinnabar","","Gunmetal Ingot","","","","","","ZIRNOX Nuclear Reactor",""
"","","So it begins!","","Liquidator Suit Helmet","","Cadmium Powder","","","","","","Schist Rare Earth Ore","","Emerald","","","","","","Gas Centrifuge",""
"","","10x Eye of Ender","","Trench Mask","","Large Radar","","","","","","Alexandrite Ore","","Bismuth Bronze Ingot","","","","","","Vacuum Refinery",""
"","","Advancement: A Terrible Fortress","","Large Electricity Pylon","","Polymer Bar","","","","","","Coal Ore","","Lead Ingot","","","","","","Hot Cracked Oil",""
"","","Enchantment Table","","Steam-Powered Groundwater Pump","","1 B of Gasoline","","","","","","Lapis Lazuli Ore","","Dineutronium Ingot","","","","","","PVC Bar",""
"","","","","Leather Gas Mask","","Large Radar","","","","","","Aluminium-Bearing Ore","","Beryllium Ingot","","","","","","High-Performance Solvent",""
"","","","","High-Speed Steel Ingot","","Electric Arc Furnace","","","","","","Schist Gold Ore","","Cadmium Steel Ingot","","","","","","Vacuum Light Oil",""
"","","","","Uranium Hexafluoride","","Artillery Turret "Greg"","","","","","","Emerald Ore","","Titanium Ingot","","","","","","Chlorine Gas",""
"","","","","Multi Fluid Identifier","","Auxiliary Cooling Tower","","","","","","Aluminium Crystals","","Iron Ingot","","","","","","Pu238Be Billet",""
"","","","","Machine Upgrade Template","","Raw Bedrock Ore","","","","","","Nether Depth Neodymium Ore","","Early Game","","","","","","Kerosene",""
"","","","","16x Concrete","","Survey Scanner","","","","","","Schist Asbestos Ore","","Minecraft Grade Copper Ingot","","","","","","Uranium Hexafluoride",""
"","","","","Soldering Station","","Oil Refinery","","","","","","Depth Zirconium Ore","","High-Speed Steel Ingot","","","","","","4x Beryllium Deco Block",""
"","","","","Arc Welder","","Hot Crude Oil","","","","","","Nether Phosphorus Ore","","","","","","","","Electric Chainsaw",""
"","","","","Speed Upgrade Mk.I","","Electric Groundwater Pump","","","","","","Copper Ore","","","","","","","","4x Gas Centrifuge",""
"","","","","Oil Derrick","","Carbon Dioxide","","","","","","Nether Depth Nitanium Ore","","","","","","","","Fullerene",""
"","","","","Advanced Makeshift Gas Mask Filter","","Cadmium Steel Ingot","","","","","","Nether Sulfur Ore","","","","","","","","Bismuth Nugget",""
"","","","","2x Medium Wooden Electricity Pylon","","Compact Launch Pad","","","","","","Niter Ore","","","","","","","","Versatile Integrated Circuit",""
"","","","","Redstone-over-Radio Pager","","Microchip","","","","","","Beryllium Ore","","","","","","","","Depleted Uranium-235 Fuel",""
"","","","","Leather Mask With Advanced Filter","","Watz Powerplant","","","","","","NTM: Schist Ores","","","","","","","","Depleted Uranium Fuel",""
"","","","","High-Performance Hazmat Suit","","Hydrotreater","","","","","","Uranium Ore","","","","","","","","Glowstone Dust",""
"","","","","Rubber Cladding","","Radioisotope Thermoelectric Generator and Radiolysis Chamber","","","","","","Schist Schrabidium Ore","","","","","","","","Reformate",""
"","","","","Steel Anvil","","Hydraulic Fracking Tower","","","","","","Iron Crystals","","","","","","","","Fractioning Tower",""
"","","","","Alexandrite","","Jetpack","","","","","","Copper Crystals","","","","","","","","Gas Centrifuge Overclocking Upgrade",""
"","","","","Strand Caster","","Heavy Machine Gun Turret "Chekhov's Gun"","","","","","","Sulfur Ore","","","","","","","","Light Oil",""
"","","","","Redstone-over-Radio Transmitter","","1 B of Petroleum Gas","","","","","","Gold Ore","","","","","","","","Fullerene Solution",""
"","","","","Demolition Charge","","Handheld Geiger Counter","","","","","","Nether Tungsten Ore","","","","","","","","Cadmium Powder",""
"","","","","Makeshift Gas Mask Filter","","Industrial Combustion Engine","","","","","","Nether","","","","","","","","Chlorine Gas",""
"","","","","Stirling Engine","","Desh Anvil","","","","","","Depth Borax Ore","","","","","","","","Plutonium-238 Nugget",""
"","","","","Hydrogen Peroxide","","Tank","","","","","","Schist Uranium Ore","","","","","","","","Pu238Be RBMK Neutron Source",""
"","","","","Pre-Cement Materials","","Goalkeeper Twin Chaingun CIWS "Howard"","","","","","","Schist Lithium Ore","","","","","","","","BTX",""
"","","","","4x Cement","","Asphalt","","","","","","Ores","","","","","","","","NU Fuel Pellet",""
"","","","","Steam Engine","","Bedrock Ore Mining","","","","","","","","","","","","","","4x Steel Deco Block",""
"","","","","Ammo Press","","Pumpjack","","","","","","","","","","","","","","Versatile Circuit Board",""
"","","","","Crucible","","1 B of Naphtha","","","","","","","","","","","","","","Unsaturated Hydrocarbons",""
"","","","","2x Steel Ingot","","Rocket Launcher Turret "Richard"","","","","","","","","","","","","","","NU RBMK Fuel Rod",""
"","","","","Redstone Battery","","Electric Chainsaw","","","","","","","","","","","","","","CO2-Desh Laser Crystal",""
"","","","","Copper Capacitor","","Mustard Willow","","","","","","","","","","","","","","Satellite Dish",""
"","","","","Analog Circuit Board","","Military Grade Circuit Board","","","","","","","","","","","","","","Nitric Acid",""
"","","","","Empty Fluid Barrel","","PUREX","","","","","","","","","","","","","","",""
"","","","","Machine Template Folder","","Sentry Turret "Brown"","","","","","","","","","","","","","","",""
"","","","","Time Bomb","","Fractioning Tower","","","","","","","","","","","","","","",""
"","","","","Shredder","","Builder's Jetpack","","","","","","","","","","","","","","",""
"","","","","Latex Bar","","Silo Launch Pad","","","","","","","","","","","","","","",""
"","","","","Leather Mask With Makeshift Filter","","Industrial Liquefaction Machine","","","","","","","","","","","","","","",""
"","","","","Electricity Pylon","","Natural Gas","","","","","","","","","","","","","","",""
"","","","","Tungsten Reacher","","","","","","","","","","","","","","","","",""
"","","","","Servo Set","","","","","","","","","","","","","","","","",""
"","","","","Any plateStamp","","","","","","","","","","","","","","","","",""
"","","","","Industrial Mixer","","","","","","","","","","","","","","","","",""
"","","","","Timed Mining Charge","","","","","","","","","","","","","","","","",""
"","","","","Bricked Furnace","","","","","","","","","","","","","","","","",""
"","","","","Blast Furnace","","","","","","","","","","","","","","","","",""
"","","","","Stirling Sawmill","","","","","","","","","","","","","","","","",""
"","","","","Coal Tar Creosote","","","","","","","","","","","","","","","","",""
"","","","","Assembly Machine","","","","","","","","","","","","","","","","",""
"","","","","Jungle Wood","","","","","","","","","","","","","","","","",""
"","","","","Gas Masks and Filters","","","","","","","","","","","","","","","","",""
"","","","","Pipe Anchor","","","","","","","","","","","","","","","","",""
"","","","","Drainage Pipe","","","","","","","","","","","","","","","","",""
"","","","","Red Copper Cable","","","","","","","","","","","","","","","","",""
"","","","","Advanced Hazmat Suit","","","","","","","","","","","","","","","","",""
"","","","","Rotary Furnace","","","","","","","","","","","","","","","","",""
"","","","","Iron Furnace","","","","","","","","","","","","","","","","",""
"","","","","Hazmat Suit","","","","","","","","","","","","","","","","",""
"","","","","Solar Tower Boiler","","","","","","","","","","","","","","","","",""
"","","","","Minecraft Grade Copper Ingot","","","","","","","","","","","","","","","","",""
"","","","","Conveyor Inserter","","","","","","","","","","","","","","","","",""
"","","","","Cable Drum","","","","","","","","","","","","","","","","",""
"","","","","Power Saving Upgrade Mk.I","","","","","","","","","","","","","","","","",""
"","","","","Effectiveness Upgrade Mk.I","","","","","","","","","","","","","","","","",""
"","","","","Compressor","","","","","","","","","","","","","","","","",""
"","","","","Boiler and Steam Condenser","","","","","","","","","","","","","","","","",""
"","","","","Burner Press","","","","","","","","","","","","","","","","",""
"","","","","Golden Capacitor","","","","","","","","","","","","","","","","",""
"","","","","Industrial Smokestack","","","","","","","","","","","","","","","","",""
"","","","","Lung Diagnostic","","","","","","","","","","","","","","","","",""
"","","","","Stimpak","","","","","","","","","","","","","","","","",""
"","","","","Semtex Mining Charge","","","","","","","","","","","","","","","","",""
"","","","","Steel Armor","","","","","","","","","","","","","","","","",""
"","","","","2x Medium Steel Electricity Pylon","","","","","","","","","","","","","","","","",""
"","","","","Air Intake","","","","","","","","","","","","","","","","",""
"","","","","Pneumatic Tube","","","","","","","","","","","","","","","","",""
"","","","","Steel Furnace","","","","","","","","","","","","","","","","",""
"","","","","Conveyor Splitter","","","","","","","","","","","","","","","","",""
"","","","","Pollution Detector","","","","","","","","","","","","","","","","",""
"","","","","Steel Tools","","","","","","","","","","","","","","","","",""
"","","","","2x Graphite Ingot","","","","","","","","","","","","","","","","",""
"","","","","Water","","","","","","","","","","","","","","","","",""
"","","","","Safe Barrel™","","","","","","","","","","","","","","","","",""
"","","","","16x Conveyor Belt","","","","","","","","","","","","","","","","",""
"","","","","Battery Socket","","","","","","","","","","","","","","","","",""
"","","","","Any usedCloth","","","","","","","","","","","","","","","","",""
"","","","","Electricity Connector","","","","","","","","","","","","","","","","",""
